{"nodes":[{"x":268.72385,"y":91.18155,"size":22.714287,"label":"Myriel","id":"0.0","color":"#D8482D"},{"x":296.39902,"y":57.118374,"size":15,"label":"Napoleon","id":"1.0","color":"#B30000"},{"x":248.45229,"y":52.22656,"size":16.714285,"label":"MlleBaptistine","id":"2.0","color":"#BB100A"},{"x":224.83313,"y":98.01885,"size":16.714285,"label":"MmeMagloire","id":"3.0","color":"#BB100A"},{"x":270.9098,"y":149.2961,"size":15,"label":"CountessDeLo","id":"4.0","color":"#B30000"},{"x":318.6509,"y":85.41602,"size":15,"label":"Geborand","id":"5.0","color":"#B30000"},{"x":330.3126,"y":117.94921,"size":15,"label":"Champtercier","id":"6.0","color":"#B30000"},{"x":310.513,"y":155.66956,"size":15,"label":"Cravatte","id":"7.0","color":"#B30000"},{"x":295.74683,"y":124.78035,"size":15,"label":"Count","id":"8.0","color":"#B30000"},{"x":241.03372,"y":131.8897,"size":15,"label":"OldMan","id":"9.0","color":"#B30000"},{"x":-55.532795,"y":-246.75798,"size":15,"label":"Labarre","id":"10.0","color":"#B30000"},{"x":-8.81755,"y":-60.480377,"size":45,"label":"Valjean","id":"11.0","color":"#FEF0D9"},{"x":116.85369,"y":-100.77216,"size":15.857142,"label":"Marguerite","id":"12.0","color":"#B70805"},{"x":78.10812,"y":-16.99423,"size":15,"label":"MmeDeR","id":"13.0","color":"#B30000"},{"x":47.669666,"y":-96.23158,"size":15,"label":"Isabeau","id":"14.0","color":"#B30000"},{"x":20.945133,"y":-118.35298,"size":15,"label":"Gervais","id":"15.0","color":"#B30000"},{"x":232.50653,"y":-165.75543,"size":21.857143,"label":"Tholomyes","id":"16.0","color":"#D44028"},{"x":322.50223,"y":-210.94756,"size":20.142857,"label":"Listolier","id":"17.0","color":"#CC301E"},{"x":322.0389,"y":-162.5361,"size":20.142857,"label":"Fameuil","id":"18.0","color":"#CC301E"},{"x":282.84045,"y":-234.37758,"size":20.142857,"label":"Blacheville","id":"19.0","color":"#CC301E"},{"x":282.14212,"y":-141.3707,"size":20.142857,"label":"Favourite","id":"20.0","color":"#CC301E"},{"x":279.24896,"y":-186.69917,"size":20.142857,"label":"Dahlia","id":"21.0","color":"#CC301E"},{"x":240.49136,"y":-212.45226,"size":20.142857,"label":"Zephine","id":"22.0","color":"#CC301E"},{"x":185.86234,"y":-128.47615,"size":27,"label":"Fantine","id":"23.0","color":"#ED7047"},{"x":-15.730793,"y":46.37429,"size":23.57143,"label":"MmeThenardier","id":"24.0","color":"#DC5032"},{"x":3.6068764,"y":98.60965,"size":27.857143,"label":"Thenardier","id":"25.0","color":"#F1784C"},{"x":-69.92912,"y":-15.777599,"size":23.57143,"label":"Cosette","id":"26.0","color":"#DC5032"},{"x":54.198936,"y":49.115128,"size":28.714287,"label":"Javert","id":"27.0","color":"#F58051"},{"x":58.138313,"y":-56.714897,"size":17.571428,"label":"Fauchelevent","id":"28.0","color":"#BF180F"},{"x":97.39532,"y":-157.35661,"size":21,"label":"Bamatabois","id":"29.0","color":"#D03823"},{"x":157.66608,"y":-88.86034,"size":15.857142,"label":"Perpetue","id":"30.0","color":"#B70805"},{"x":130.24326,"y":-62.113045,"size":17.571428,"label":"Simplice","id":"31.0","color":"#BF180F"},{"x":-31.725157,"y":-124.8531,"size":15,"label":"Scaufflaire","id":"32.0","color":"#B30000"},{"x":45.4282,"y":-2.6807823,"size":15.857142,"label":"Woman1","id":"33.0","color":"#B70805"},{"x":-2.146402,"y":-152.7878,"size":19.285715,"label":"Judge","id":"34.0","color":"#C72819"},{"x":54.183117,"y":-142.10239,"size":19.285715,"label":"Champmathieu","id":"35.0","color":"#C72819"},{"x":-21.096437,"y":-192.47128,"size":19.285715,"label":"Brevet","id":"36.0","color":"#C72819"},{"x":56.919018,"y":-184.99847,"size":19.285715,"label":"Chenildieu","id":"37.0","color":"#C72819"},{"x":21.456747,"y":-211.19899,"size":19.285715,"label":"Cochepaille","id":"38.0","color":"#C72819"},{"x":-69.42261,"y":66.22773,"size":16.714285,"label":"Pontmercy","id":"39.0","color":"#BB100A"},{"x":52.13746,"y":97.863976,"size":15,"label":"Boulatruelle","id":"40.0","color":"#B30000"},{"x":-84.15585,"y":140.50175,"size":23.57143,"label":"Eponine","id":"41.0","color":"#DC5032"},{"x":-47.696083,"y":112.90357,"size":16.714285,"label":"Anzelma","id":"42.0","color":"#BB100A"},{"x":10.037987,"y":7.8234367,"size":16.714285,"label":"Woman2","id":"43.0","color":"#BB100A"},{"x":82.99555,"y":-87.651726,"size":15.857142,"label":"MotherInnocent","id":"44.0","color":"#B70805"},{"x":94.93769,"y":-47.799778,"size":15,"label":"Gribier","id":"45.0","color":"#B30000"},{"x":-293.23438,"y":-146.10257,"size":15,"label":"Jondrette","id":"46.0","color":"#B30000"},{"x":-294.94247,"y":-108.07895,"size":15.857142,"label":"MmeBurgon","id":"47.0","color":"#B70805"},{"x":-215.57619,"y":34.40003,"size":33,"label":"Gavroche","id":"48.0","color":"#FCA072"},{"x":-119.18742,"y":-17.39732,"size":20.142857,"label":"Gillenormand","id":"49.0","color":"#CC301E"},{"x":-57.473045,"y":29.63873,"size":15.857142,"label":"Magnon","id":"50.0","color":"#B70805"},{"x":-93.255005,"y":-60.657784,"size":20.142857,"label":"MlleGillenormand","id":"51.0","color":"#CC301E"},{"x":-93.764046,"y":22.565668,"size":15.857142,"label":"MmePontmercy","id":"52.0","color":"#B70805"},{"x":-132.14008,"y":-66.85538,"size":15,"label":"MlleVaubois","id":"53.0","color":"#B30000"},{"x":-95.75337,"y":-102.71505,"size":17.571428,"label":"LtGillenormand","id":"54.0","color":"#BF180F"},{"x":-142.15263,"y":36.388676,"size":30.428574,"label":"Marius","id":"55.0","color":"#FC8F5C"},{"x":-160.2533,"y":-24.29684,"size":15.857142,"label":"BaronessT","id":"56.0","color":"#B70805"},{"x":-267.16248,"y":196.98003,"size":23.57143,"label":"Mabeuf","id":"57.0","color":"#DC5032"},{"x":-190.88988,"y":96.44671,"size":27,"label":"Enjolras","id":"58.0","color":"#ED7047"},{"x":-222.5417,"y":144.66484,"size":23.57143,"label":"Combeferre","id":"59.0","color":"#DC5032"},{"x":-325.61102,"y":166.71417,"size":21.857143,"label":"Prouvaire","id":"60.0","color":"#D44028"},{"x":-276.3468,"y":145.79153,"size":23.57143,"label":"Feuilly","id":"61.0","color":"#DC5032"},{"x":-251.45561,"y":97.83937,"size":25.285713,"label":"Courfeyrac","id":"62.0","color":"#E5603D"},{"x":-318.40936,"y":114.202415,"size":24.428572,"label":"Bahorel","id":"63.0","color":"#E05837"},{"x":-278.9682,"y":45.932438,"size":25.285713,"label":"Bossuet","id":"64.0","color":"#E5603D"},{"x":-333.04984,"y":62.438156,"size":24.428572,"label":"Joly","id":"65.0","color":"#E05837"},{"x":-370.2446,"y":101.73884,"size":22.714287,"label":"Grantaire","id":"66.0","color":"#D8482D"},{"x":-253.54378,"y":237.9443,"size":15,"label":"MotherPlutarch","id":"67.0","color":"#B30000"},{"x":-16.550194,"y":152.69055,"size":22.714287,"label":"Gueulemer","id":"68.0","color":"#D8482D"},{"x":35.653145,"y":144.49445,"size":22.714287,"label":"Babet","id":"69.0","color":"#D8482D"},{"x":58.97649,"y":188.46011,"size":22.714287,"label":"Claquesous","id":"70.0","color":"#D8482D"},{"x":-2.9325058,"y":200.66508,"size":21.857143,"label":"Montparnasse","id":"71.0","color":"#D44028"},{"x":-30.056648,"y":3.5053203,"size":16.714285,"label":"Toussaint","id":"72.0","color":"#BB100A"},{"x":-244.859,"y":-11.3161335,"size":15.857142,"label":"Child1","id":"73.0","color":"#B70805"},{"x":-280.33203,"y":-1.466383,"size":15.857142,"label":"Child2","id":"74.0","color":"#B70805"},{"x":-56.819256,"y":182.0544,"size":20.142857,"label":"Brujon","id":"75.0","color":"#CC301E"},{"x":-382.06223,"y":47.045475,"size":20.142857,"label":"MmeHucheloup","id":"76.0","color":"#CC301E"}],"edges":[{"source":"1.0","target":"0.0","size":1,"id":"0"},{"source":"2.0","target":"0.0","size":8,"id":"1"},{"source":"3.0","target":"0.0","size":10,"id":"2"},{"source":"3.0","target":"2.0","size":6,"id":"3"},{"source":"4.0","target":"0.0","size":1,"id":"4"},{"source":"5.0","target":"0.0","size":1,"id":"5"},{"source":"6.0","target":"0.0","size":1,"id":"6"},{"source":"7.0","target":"0.0","size":1,"id":"7"},{"source":"8.0","target":"0.0","size":2,"id":"8"},{"source":"9.0","target":"0.0","size":1,"id":"9"},{"source":"11.0","target":"0.0","size":5,"id":"13"},{"source":"11.0","target":"2.0","size":3,"id":"12"},{"source":"11.0","target":"3.0","size":3,"id":"11"},{"source":"11.0","target":"10.0","size":1,"id":"10"},{"source":"12.0","target":"11.0","size":1,"id":"14"},{"source":"13.0","target":"11.0","size":1,"id":"15"},{"source":"14.0","target":"11.0","size":1,"id":"16"},{"source":"15.0","target":"11.0","size":1,"id":"17"},{"source":"17.0","target":"16.0","size":4,"id":"18"},{"source":"18.0","target":"16.0","size":4,"id":"19"},{"source":"18.0","target":"17.0","size":4,"id":"20"},{"source":"19.0","target":"16.0","size":4,"id":"21"},{"source":"19.0","target":"17.0","size":4,"id":"22"},{"source":"19.0","target":"18.0","size":4,"id":"23"},{"source":"20.0","target":"16.0","size":3,"id":"24"},{"source":"20.0","target":"17.0","size":3,"id":"25"},{"source":"20.0","target":"18.0","size":3,"id":"26"},{"source":"20.0","target":"19.0","size":4,"id":"27"},{"source":"21.0","target":"16.0","size":3,"id":"28"},{"source":"21.0","target":"17.0","size":3,"id":"29"},{"source":"21.0","target":"18.0","size":3,"id":"30"},{"source":"21.0","target":"19.0","size":3,"id":"31"},{"source":"21.0","target":"20.0","size":5,"id":"32"},{"source":"22.0","target":"16.0","size":3,"id":"33"},{"source":"22.0","target":"17.0","size":3,"id":"34"},{"source":"22.0","target":"18.0","size":3,"id":"35"},{"source":"22.0","target":"19.0","size":3,"id":"36"},{"source":"22.0","target":"20.0","size":4,"id":"37"},{"source":"22.0","target":"21.0","size":4,"id":"38"},{"source":"23.0","target":"11.0","size":9,"id":"47"},{"source":"23.0","target":"12.0","size":2,"id":"46"},{"source":"23.0","target":"16.0","size":3,"id":"39"},{"source":"23.0","target":"17.0","size":3,"id":"40"},{"source":"23.0","target":"18.0","size":3,"id":"41"},{"source":"23.0","target":"19.0","size":3,"id":"42"},{"source":"23.0","target":"20.0","size":4,"id":"43"},{"source":"23.0","target":"21.0","size":4,"id":"44"},{"source":"23.0","target":"22.0","size":4,"id":"45"},{"source":"24.0","target":"11.0","size":7,"id":"49"},{"source":"24.0","target":"23.0","size":2,"id":"48"},{"source":"25.0","target":"11.0","size":12,"id":"52"},{"source":"25.0","target":"23.0","size":1,"id":"51"},{"source":"25.0","target":"24.0","size":13,"id":"50"},{"source":"26.0","target":"11.0","size":31,"id":"54"},{"source":"26.0","target":"16.0","size":1,"id":"55"},{"source":"26.0","target":"24.0","size":4,"id":"53"},{"source":"26.0","target":"25.0","size":1,"id":"56"},{"source":"27.0","target":"11.0","size":17,"id":"57"},{"source":"27.0","target":"23.0","size":5,"id":"58"},{"source":"27.0","target":"24.0","size":1,"id":"60"},{"source":"27.0","target":"25.0","size":5,"id":"59"},{"source":"27.0","target":"26.0","size":1,"id":"61"},{"source":"28.0","target":"11.0","size":8,"id":"62"},{"source":"28.0","target":"27.0","size":1,"id":"63"},{"source":"29.0","target":"11.0","size":2,"id":"66"},{"source":"29.0","target":"23.0","size":1,"id":"64"},{"source":"29.0","target":"27.0","size":1,"id":"65"},{"source":"30.0","target":"23.0","size":1,"id":"67"},{"source":"31.0","target":"11.0","size":3,"id":"69"},{"source":"31.0","target":"23.0","size":2,"id":"70"},{"source":"31.0","target":"27.0","size":1,"id":"71"},{"source":"31.0","target":"30.0","size":2,"id":"68"},{"source":"32.0","target":"11.0","size":1,"id":"72"},{"source":"33.0","target":"11.0","size":2,"id":"73"},{"source":"33.0","target":"27.0","size":1,"id":"74"},{"source":"34.0","target":"11.0","size":3,"id":"75"},{"source":"34.0","target":"29.0","size":2,"id":"76"},{"source":"35.0","target":"11.0","size":3,"id":"77"},{"source":"35.0","target":"29.0","size":2,"id":"79"},{"source":"35.0","target":"34.0","size":3,"id":"78"},{"source":"36.0","target":"11.0","size":2,"id":"82"},{"source":"36.0","target":"29.0","size":1,"id":"83"},{"source":"36.0","target":"34.0","size":2,"id":"80"},{"source":"36.0","target":"35.0","size":2,"id":"81"},{"source":"37.0","target":"11.0","size":2,"id":"87"},{"source":"37.0","target":"29.0","size":1,"id":"88"},{"source":"37.0","target":"34.0","size":2,"id":"84"},{"source":"37.0","target":"35.0","size":2,"id":"85"},{"source":"37.0","target":"36.0","size":2,"id":"86"},{"source":"38.0","target":"11.0","size":2,"id":"93"},{"source":"38.0","target":"29.0","size":1,"id":"94"},{"source":"38.0","target":"34.0","size":2,"id":"89"},{"source":"38.0","target":"35.0","size":2,"id":"90"},{"source":"38.0","target":"36.0","size":2,"id":"91"},{"source":"38.0","target":"37.0","size":2,"id":"92"},{"source":"39.0","target":"25.0","size":1,"id":"95"},{"source":"40.0","target":"25.0","size":1,"id":"96"},{"source":"41.0","target":"24.0","size":2,"id":"97"},{"source":"41.0","target":"25.0","size":3,"id":"98"},{"source":"42.0","target":"24.0","size":1,"id":"101"},{"source":"42.0","target":"25.0","size":2,"id":"100"},{"source":"42.0","target":"41.0","size":2,"id":"99"},{"source":"43.0","target":"11.0","size":3,"id":"102"},{"source":"43.0","target":"26.0","size":1,"id":"103"},{"source":"43.0","target":"27.0","size":1,"id":"104"},{"source":"44.0","target":"11.0","size":1,"id":"106"},{"source":"44.0","target":"28.0","size":3,"id":"105"},{"source":"45.0","target":"28.0","size":2,"id":"107"},{"source":"47.0","target":"46.0","size":1,"id":"108"},{"source":"48.0","target":"11.0","size":1,"id":"112"},{"source":"48.0","target":"25.0","size":1,"id":"110"},{"source":"48.0","target":"27.0","size":1,"id":"111"},{"source":"48.0","target":"47.0","size":2,"id":"109"},{"source":"49.0","target":"11.0","size":2,"id":"114"},{"source":"49.0","target":"26.0","size":3,"id":"113"},{"source":"50.0","target":"24.0","size":1,"id":"116"},{"source":"50.0","target":"49.0","size":1,"id":"115"},{"source":"51.0","target":"11.0","size":2,"id":"119"},{"source":"51.0","target":"26.0","size":2,"id":"118"},{"source":"51.0","target":"49.0","size":9,"id":"117"},{"source":"52.0","target":"39.0","size":1,"id":"121"},{"source":"52.0","target":"51.0","size":1,"id":"120"},{"source":"53.0","target":"51.0","size":1,"id":"122"},{"source":"54.0","target":"26.0","size":1,"id":"125"},{"source":"54.0","target":"49.0","size":1,"id":"124"},{"source":"54.0","target":"51.0","size":2,"id":"123"},{"source":"55.0","target":"11.0","size":19,"id":"131"},{"source":"55.0","target":"16.0","size":1,"id":"132"},{"source":"55.0","target":"25.0","size":2,"id":"133"},{"source":"55.0","target":"26.0","size":21,"id":"130"},{"source":"55.0","target":"39.0","size":1,"id":"128"},{"source":"55.0","target":"41.0","size":5,"id":"134"},{"source":"55.0","target":"48.0","size":4,"id":"135"},{"source":"55.0","target":"49.0","size":12,"id":"127"},{"source":"55.0","target":"51.0","size":6,"id":"126"},{"source":"55.0","target":"54.0","size":1,"id":"129"},{"source":"56.0","target":"49.0","size":1,"id":"136"},{"source":"56.0","target":"55.0","size":1,"id":"137"},{"source":"57.0","target":"41.0","size":1,"id":"139"},{"source":"57.0","target":"48.0","size":1,"id":"140"},{"source":"57.0","target":"55.0","size":1,"id":"138"},{"source":"58.0","target":"11.0","size":4,"id":"145"},{"source":"58.0","target":"27.0","size":6,"id":"143"},{"source":"58.0","target":"48.0","size":7,"id":"142"},{"source":"58.0","target":"55.0","size":7,"id":"141"},{"source":"58.0","target":"57.0","size":1,"id":"144"},{"source":"59.0","target":"48.0","size":6,"id":"148"},{"source":"59.0","target":"55.0","size":5,"id":"147"},{"source":"59.0","target":"57.0","size":2,"id":"149"},{"source":"59.0","target":"58.0","size":15,"id":"146"},{"source":"60.0","target":"48.0","size":1,"id":"150"},{"source":"60.0","target":"58.0","size":4,"id":"151"},{"source":"60.0","target":"59.0","size":2,"id":"152"},{"source":"61.0","target":"48.0","size":2,"id":"153"},{"source":"61.0","target":"55.0","size":1,"id":"158"},{"source":"61.0","target":"57.0","size":1,"id":"157"},{"source":"61.0","target":"58.0","size":6,"id":"154"},{"source":"61.0","target":"59.0","size":5,"id":"156"},{"source":"61.0","target":"60.0","size":2,"id":"155"},{"source":"62.0","target":"41.0","size":1,"id":"164"},{"source":"62.0","target":"48.0","size":7,"id":"162"},{"source":"62.0","target":"55.0","size":9,"id":"159"},{"source":"62.0","target":"57.0","size":2,"id":"163"},{"source":"62.0","target":"58.0","size":17,"id":"160"},{"source":"62.0","target":"59.0","size":13,"id":"161"},{"source":"62.0","target":"60.0","size":3,"id":"166"},{"source":"62.0","target":"61.0","size":6,"id":"165"},{"source":"63.0","target":"48.0","size":5,"id":"168"},{"source":"63.0","target":"55.0","size":1,"id":"174"},{"source":"63.0","target":"57.0","size":2,"id":"170"},{"source":"63.0","target":"58.0","size":4,"id":"171"},{"source":"63.0","target":"59.0","size":5,"id":"167"},{"source":"63.0","target":"60.0","size":2,"id":"173"},{"source":"63.0","target":"61.0","size":3,"id":"172"},{"source":"63.0","target":"62.0","size":6,"id":"169"},{"source":"64.0","target":"11.0","size":1,"id":"184"},{"source":"64.0","target":"48.0","size":5,"id":"177"},{"source":"64.0","target":"55.0","size":5,"id":"175"},{"source":"64.0","target":"57.0","size":1,"id":"183"},{"source":"64.0","target":"58.0","size":10,"id":"179"},{"source":"64.0","target":"59.0","size":9,"id":"182"},{"source":"64.0","target":"60.0","size":2,"id":"181"},{"source":"64.0","target":"61.0","size":6,"id":"180"},{"source":"64.0","target":"62.0","size":12,"id":"176"},{"source":"64.0","target":"63.0","size":4,"id":"178"},{"source":"65.0","target":"48.0","size":3,"id":"187"},{"source":"65.0","target":"55.0","size":2,"id":"194"},{"source":"65.0","target":"57.0","size":1,"id":"193"},{"source":"65.0","target":"58.0","size":5,"id":"189"},{"source":"65.0","target":"59.0","size":5,"id":"192"},{"source":"65.0","target":"60.0","size":2,"id":"191"},{"source":"65.0","target":"61.0","size":5,"id":"190"},{"source":"65.0","target":"62.0","size":5,"id":"188"},{"source":"65.0","target":"63.0","size":5,"id":"185"},{"source":"65.0","target":"64.0","size":7,"id":"186"},{"source":"66.0","target":"48.0","size":1,"id":"200"},{"source":"66.0","target":"58.0","size":3,"id":"196"},{"source":"66.0","target":"59.0","size":1,"id":"197"},{"source":"66.0","target":"60.0","size":1,"id":"203"},{"source":"66.0","target":"61.0","size":1,"id":"202"},{"source":"66.0","target":"62.0","size":2,"id":"198"},{"source":"66.0","target":"63.0","size":1,"id":"201"},{"source":"66.0","target":"64.0","size":3,"id":"195"},{"source":"66.0","target":"65.0","size":2,"id":"199"},{"source":"67.0","target":"57.0","size":3,"id":"204"},{"source":"68.0","target":"11.0","size":1,"id":"206"},{"source":"68.0","target":"24.0","size":1,"id":"207"},{"source":"68.0","target":"25.0","size":5,"id":"205"},{"source":"68.0","target":"27.0","size":1,"id":"208"},{"source":"68.0","target":"41.0","size":1,"id":"210"},{"source":"68.0","target":"48.0","size":1,"id":"209"},{"source":"69.0","target":"11.0","size":1,"id":"213"},{"source":"69.0","target":"24.0","size":1,"id":"214"},{"source":"69.0","target":"25.0","size":6,"id":"211"},{"source":"69.0","target":"27.0","size":2,"id":"215"},{"source":"69.0","target":"41.0","size":1,"id":"217"},{"source":"69.0","target":"48.0","size":1,"id":"216"},{"source":"69.0","target":"68.0","size":6,"id":"212"},{"source":"70.0","target":"11.0","size":1,"id":"221"},{"source":"70.0","target":"24.0","size":1,"id":"222"},{"source":"70.0","target":"25.0","size":4,"id":"218"},{"source":"70.0","target":"27.0","size":1,"id":"223"},{"source":"70.0","target":"41.0","size":1,"id":"224"},{"source":"70.0","target":"58.0","size":1,"id":"225"},{"source":"70.0","target":"68.0","size":4,"id":"220"},{"source":"70.0","target":"69.0","size":4,"id":"219"},{"source":"71.0","target":"11.0","size":1,"id":"230"},{"source":"71.0","target":"25.0","size":1,"id":"233"},{"source":"71.0","target":"27.0","size":1,"id":"226"},{"source":"71.0","target":"41.0","size":1,"id":"232"},{"source":"71.0","target":"48.0","size":1,"id":"231"},{"source":"71.0","target":"68.0","size":2,"id":"228"},{"source":"71.0","target":"69.0","size":2,"id":"227"},{"source":"71.0","target":"70.0","size":2,"id":"229"},{"source":"72.0","target":"11.0","size":1,"id":"236"},{"source":"72.0","target":"26.0","size":2,"id":"234"},{"source":"72.0","target":"27.0","size":1,"id":"235"},{"source":"73.0","target":"48.0","size":2,"id":"237"},{"source":"74.0","target":"48.0","size":2,"id":"238"},{"source":"74.0","target":"73.0","size":3,"id":"239"},{"source":"75.0","target":"25.0","size":3,"id":"242"},{"source":"75.0","target":"41.0","size":1,"id":"244"},{"source":"75.0","target":"48.0","size":1,"id":"243"},{"source":"75.0","target":"68.0","size":3,"id":"241"},{"source":"75.0","target":"69.0","size":3,"id":"240"},{"source":"75.0","target":"70.0","size":1,"id":"245"},{"source":"75.0","target":"71.0","size":1,"id":"246"},{"source":"76.0","target":"48.0","size":1,"id":"252"},{"source":"76.0","target":"58.0","size":1,"id":"253"},{"source":"76.0","target":"62.0","size":1,"id":"251"},{"source":"76.0","target":"63.0","size":1,"id":"250"},{"source":"76.0","target":"64.0","size":1,"id":"247"},{"source":"76.0","target":"65.0","size":1,"id":"248"},{"source":"76.0","target":"66.0","size":1,"id":"249"}]}
